Re,St
100,0.3155487805
300,0.4277608401
500,0.4632113821